/*
 Navicat Premium Data Transfer

 Source Server         : localhost_3306
 Source Server Type    : MySQL
 Source Server Version : 50719
 Source Host           : localhost:3306
 Source Schema         : vehicle

 Target Server Type    : MySQL
 Target Server Version : 50719
 File Encoding         : 65001

 Date: 27/08/2017 15:59:02
*/

SET NAMES utf8mb4;
SET FOREIGN_KEY_CHECKS = 0;

-- ----------------------------
-- Table structure for base_dict
-- ----------------------------
DROP TABLE IF EXISTS `base_dict`;
CREATE TABLE `base_dict`  (
  `dict_id` varchar(32) CHARACTER SET utf8 COLLATE utf8_general_ci NOT NULL COMMENT '数据字典id(主键)',
  `dict_type_code` varchar(10) CHARACTER SET utf8 COLLATE utf8_general_ci NOT NULL COMMENT '数据字典类别代码',
  `dict_type_name` varchar(64) CHARACTER SET utf8 COLLATE utf8_general_ci NOT NULL COMMENT '数据字典类别名称',
  `dict_item_name` varchar(64) CHARACTER SET utf8 COLLATE utf8_general_ci NOT NULL COMMENT '数据字典项目名称',
  `dict_item_code` varchar(10) CHARACTER SET utf8 COLLATE utf8_general_ci DEFAULT NULL COMMENT '数据字典项目(可为空)',
  `dict_sort` int(10) DEFAULT NULL COMMENT '排序字段',
  `dict_enable` char(1) CHARACTER SET utf8 COLLATE utf8_general_ci NOT NULL COMMENT '1:使用 0:停用',
  `dict_memo` varchar(64) CHARACTER SET utf8 COLLATE utf8_general_ci DEFAULT NULL COMMENT '备注',
  PRIMARY KEY (`dict_id`) USING BTREE
) ENGINE = InnoDB CHARACTER SET = utf8 COLLATE = utf8_general_ci ROW_FORMAT = Dynamic;

-- ----------------------------
-- Records of base_dict
-- ----------------------------
INSERT INTO `base_dict` VALUES ('1', '001', '车辆类型', '客车', NULL, 1, '1', NULL);
INSERT INTO `base_dict` VALUES ('10', '002', '车辆状态', '备案中', NULL, 10, '2', NULL);
INSERT INTO `base_dict` VALUES ('11', '003', '查询状态', '不能查询', NULL, 11, '3', NULL);
INSERT INTO `base_dict` VALUES ('12', '003', '查询状态', '可以查询', NULL, 12, '3', NULL);
INSERT INTO `base_dict` VALUES ('2', '001', '车辆类型', '牵引车', NULL, 2, '1', NULL);
INSERT INTO `base_dict` VALUES ('3', '001', '车辆类型', '城市公交车', NULL, 3, '1', NULL);
INSERT INTO `base_dict` VALUES ('5', '001', '车辆类型', '货车', NULL, 5, '1', NULL);
INSERT INTO `base_dict` VALUES ('6', '001', '车辆类型', '汽车', NULL, 6, '1', NULL);
INSERT INTO `base_dict` VALUES ('8', '002', '车辆状态', '备案失败', NULL, 8, '2', NULL);
INSERT INTO `base_dict` VALUES ('9', '002', '车辆状态  ', '备案成功 ', NULL, 9, '2', NULL);

-- ----------------------------
-- Table structure for inform
-- ----------------------------
DROP TABLE IF EXISTS `inform`;
CREATE TABLE `inform`  (
  `INFORMID` int(11) NOT NULL AUTO_INCREMENT,
  `CONTENT` varchar(255) CHARACTER SET utf8 COLLATE utf8_general_ci DEFAULT NULL,
  `CREATEDATE` datetime(0) DEFAULT NULL,
  `URLS` tinyblob,
  `ROLE` varchar(255) CHARACTER SET utf8 COLLATE utf8_general_ci DEFAULT NULL,
  `NAME` varchar(255) CHARACTER SET utf8 COLLATE utf8_general_ci DEFAULT NULL,
  PRIMARY KEY (`INFORMID`) USING BTREE
) ENGINE = InnoDB AUTO_INCREMENT = 393 CHARACTER SET = utf8 COLLATE = utf8_general_ci ROW_FORMAT = Dynamic;

-- ----------------------------
-- Records of inform
-- ----------------------------
INSERT INTO `inform` VALUES (376, '登陆成功', '2017-08-27 15:45:02', 0xACED0005737200166A6176612E6C616E672E537472696E674275666665722F0707D9EAC8EAD3030003490005636F756E745A00067368617265645B000576616C75657400025B4378700000002E00757200025B43B02666B0E25D84AC0200007870000000460068007400740070003A002F002F006C006F00630061006C0068006F00730074003A0038003000380030002F00760065006800690063006C0065002F00420061007300650041006300740069006F006E005F006C006F00670069006E00000000000000000000000000000000000000000000000000000000000000000000000000000000000000000000000078, 'administrator', '121');
INSERT INTO `inform` VALUES (377, '您进行了查询所有用户的操作请点击查看', '2017-08-27 15:45:06', 0xACED0005737200166A6176612E6C616E672E537472696E674275666665722F0707D9EAC8EAD3030003490005636F756E745A00067368617265645B000576616C75657400025B4378700000003700757200025B43B02666B0E25D84AC0200007870000000460068007400740070003A002F002F006C006F00630061006C0068006F00730074003A0038003000380030002F00760065006800690063006C0065002F00610064006D0069006E002F00550073006500720041006300740069006F006E005F0075007300650072004C00690073007400000000000000000000000000000000000000000000000000000000000078, 'administrator', '121');
INSERT INTO `inform` VALUES (378, '您进行了添加用户的操作请点击查看', '2017-08-27 15:45:08', 0xACED0005737200166A6176612E6C616E672E537472696E674275666665722F0707D9EAC8EAD3030003490005636F756E745A00067368617265645B000576616C75657400025B4378700000003600757200025B43B02666B0E25D84AC0200007870000000460068007400740070003A002F002F006C006F00630061006C0068006F00730074003A0038003000380030002F00760065006800690063006C0065002F00610064006D0069006E002F00550073006500720041006300740069006F006E005F0061006400640055007300650072000000000000000000000000000000000000000000000000000000000000000078, 'administrator', '121');
INSERT INTO `inform` VALUES (379, '您进行了保存用户操作', '2017-08-27 15:45:28', NULL, 'administrator', '121');
INSERT INTO `inform` VALUES (380, '您进行了查询所有用户的操作请点击查看', '2017-08-27 15:45:28', 0xACED0005737200166A6176612E6C616E672E537472696E674275666665722F0707D9EAC8EAD3030003490005636F756E745A00067368617265645B000576616C75657400025B4378700000003F00757200025B43B02666B0E25D84AC0200007870000000460068007400740070003A002F002F006C006F00630061006C0068006F00730074003A0038003000380030002F00760065006800690063006C0065002F00610064006D0069006E002F002F00550073006500720041006300740069006F006E005F0075007300650072004C006900730074002E0061006300740069006F006E000000000000000000000000000078, 'administrator', '121');
INSERT INTO `inform` VALUES (381, '您进行了添加用户的操作请点击查看', '2017-08-27 15:45:31', 0xACED0005737200166A6176612E6C616E672E537472696E674275666665722F0707D9EAC8EAD3030003490005636F756E745A00067368617265645B000576616C75657400025B4378700000003600757200025B43B02666B0E25D84AC0200007870000000460068007400740070003A002F002F006C006F00630061006C0068006F00730074003A0038003000380030002F00760065006800690063006C0065002F00610064006D0069006E002F00550073006500720041006300740069006F006E005F0061006400640055007300650072000000000000000000000000000000000000000000000000000000000000000078, 'administrator', '121');
INSERT INTO `inform` VALUES (382, '您进行了保存用户操作', '2017-08-27 15:45:48', NULL, 'administrator', '121');
INSERT INTO `inform` VALUES (383, '您进行了查询所有用户的操作请点击查看', '2017-08-27 15:45:48', 0xACED0005737200166A6176612E6C616E672E537472696E674275666665722F0707D9EAC8EAD3030003490005636F756E745A00067368617265645B000576616C75657400025B4378700000003F00757200025B43B02666B0E25D84AC0200007870000000460068007400740070003A002F002F006C006F00630061006C0068006F00730074003A0038003000380030002F00760065006800690063006C0065002F00610064006D0069006E002F002F00550073006500720041006300740069006F006E005F0075007300650072004C006900730074002E0061006300740069006F006E000000000000000000000000000078, 'administrator', '121');
INSERT INTO `inform` VALUES (384, '您进行了维护信息录入的操作请点击查看', '2017-08-27 15:45:51', 0xACED0005737200166A6176612E6C616E672E537472696E674275666665722F0707D9EAC8EAD3030003490005636F756E745A00067368617265645B000576616C75657400025B4378700000003E00757200025B43B02666B0E25D84AC0200007870000000460068007400740070003A002F002F006C006F00630061006C0068006F00730074003A0038003000380030002F00760065006800690063006C0065002F00610064006D0069006E002F004D00610069006E007400610069006E0041006300740069006F006E005F006100640064004D00610069006E007400610069006E0000000000000000000000000000000078, 'administrator', '121');
INSERT INTO `inform` VALUES (385, '登陆成功', '2017-08-27 15:52:54', 0xACED0005737200166A6176612E6C616E672E537472696E674275666665722F0707D9EAC8EAD3030003490005636F756E745A00067368617265645B000576616C75657400025B4378700000002E00757200025B43B02666B0E25D84AC0200007870000000460068007400740070003A002F002F006C006F00630061006C0068006F00730074003A0038003000380030002F00760065006800690063006C0065002F00420061007300650041006300740069006F006E005F006C006F00670069006E00000000000000000000000000000000000000000000000000000000000000000000000000000000000000000000000078, 'admin', 'tom');
INSERT INTO `inform` VALUES (386, '您进行了查询所有用户的操作请点击查看', '2017-08-27 15:52:58', 0xACED0005737200166A6176612E6C616E672E537472696E674275666665722F0707D9EAC8EAD3030003490005636F756E745A00067368617265645B000576616C75657400025B4378700000003700757200025B43B02666B0E25D84AC0200007870000000460068007400740070003A002F002F006C006F00630061006C0068006F00730074003A0038003000380030002F00760065006800690063006C0065002F00610064006D0069006E002F00550073006500720041006300740069006F006E005F0075007300650072004C00690073007400000000000000000000000000000000000000000000000000000000000078, 'admin', 'tom');
INSERT INTO `inform` VALUES (387, '您进行了查询用户的操作', '2017-08-27 15:53:00', NULL, 'admin', 'tom');
INSERT INTO `inform` VALUES (388, '您进行了修改用户的操作', '2017-08-27 15:53:04', NULL, 'admin', 'tom');
INSERT INTO `inform` VALUES (389, '您进行了查询所有用户的操作请点击查看', '2017-08-27 15:53:09', 0xACED0005737200166A6176612E6C616E672E537472696E674275666665722F0707D9EAC8EAD3030003490005636F756E745A00067368617265645B000576616C75657400025B4378700000003700757200025B43B02666B0E25D84AC0200007870000000460068007400740070003A002F002F006C006F00630061006C0068006F00730074003A0038003000380030002F00760065006800690063006C0065002F00610064006D0069006E002F00550073006500720041006300740069006F006E005F0075007300650072004C00690073007400000000000000000000000000000000000000000000000000000000000078, 'admin', 'tom');
INSERT INTO `inform` VALUES (390, '您进行了添加用户的操作请点击查看', '2017-08-27 15:53:09', 0xACED0005737200166A6176612E6C616E672E537472696E674275666665722F0707D9EAC8EAD3030003490005636F756E745A00067368617265645B000576616C75657400025B4378700000003600757200025B43B02666B0E25D84AC0200007870000000460068007400740070003A002F002F006C006F00630061006C0068006F00730074003A0038003000380030002F00760065006800690063006C0065002F00610064006D0069006E002F00550073006500720041006300740069006F006E005F0061006400640055007300650072000000000000000000000000000000000000000000000000000000000000000078, 'admin', 'tom');
INSERT INTO `inform` VALUES (391, '您进行了查询所有用户的操作请点击查看', '2017-08-27 15:53:10', 0xACED0005737200166A6176612E6C616E672E537472696E674275666665722F0707D9EAC8EAD3030003490005636F756E745A00067368617265645B000576616C75657400025B4378700000003700757200025B43B02666B0E25D84AC0200007870000000460068007400740070003A002F002F006C006F00630061006C0068006F00730074003A0038003000380030002F00760065006800690063006C0065002F00610064006D0069006E002F00550073006500720041006300740069006F006E005F0075007300650072004C00690073007400000000000000000000000000000000000000000000000000000000000078, 'admin', 'tom');
INSERT INTO `inform` VALUES (392, '您进行了添加用户的操作请点击查看', '2017-08-27 15:53:11', 0xACED0005737200166A6176612E6C616E672E537472696E674275666665722F0707D9EAC8EAD3030003490005636F756E745A00067368617265645B000576616C75657400025B4378700000003600757200025B43B02666B0E25D84AC0200007870000000460068007400740070003A002F002F006C006F00630061006C0068006F00730074003A0038003000380030002F00760065006800690063006C0065002F00610064006D0069006E002F00550073006500720041006300740069006F006E005F0061006400640055007300650072000000000000000000000000000000000000000000000000000000000000000078, 'admin', 'tom');

-- ----------------------------
-- Table structure for maintains
-- ----------------------------
DROP TABLE IF EXISTS `maintains`;
CREATE TABLE `maintains`  (
  `MAINTAIN_ID` int(11) NOT NULL AUTO_INCREMENT,
  `USER_ID` int(11) DEFAULT NULL,
  `USER_NAME` varchar(255) CHARACTER SET utf8 COLLATE utf8_general_ci DEFAULT NULL,
  `VEHICLE_ID` varchar(255) CHARACTER SET utf8 COLLATE utf8_general_ci DEFAULT NULL,
  `PLATE_ID` varchar(255) CHARACTER SET utf8 COLLATE utf8_general_ci DEFAULT NULL,
  `USER_PHONE` varchar(255) CHARACTER SET utf8 COLLATE utf8_general_ci DEFAULT NULL,
  `DATE` datetime(0) DEFAULT NULL,
  `JUDGE` varchar(255) CHARACTER SET utf8 COLLATE utf8_general_ci DEFAULT NULL,
  `CATEGORY` varchar(255) CHARACTER SET utf8 COLLATE utf8_general_ci DEFAULT NULL,
  `OPERATION_STATUS` varchar(255) CHARACTER SET utf8 COLLATE utf8_general_ci DEFAULT NULL,
  PRIMARY KEY (`MAINTAIN_ID`) USING BTREE,
  INDEX `FKcvv6f5423l53v9yprf2r94s4b`(`JUDGE`) USING BTREE,
  INDEX `FKc8me8sg3gm8qpotk6yedvpbh8`(`CATEGORY`) USING BTREE,
  INDEX `FKj6wytoa8ylv89rhg7tq45e4l6`(`OPERATION_STATUS`) USING BTREE,
  CONSTRAINT `FKc8me8sg3gm8qpotk6yedvpbh8` FOREIGN KEY (`CATEGORY`) REFERENCES `base_dict` (`dict_id`) ON DELETE RESTRICT ON UPDATE RESTRICT,
  CONSTRAINT `FKcvv6f5423l53v9yprf2r94s4b` FOREIGN KEY (`JUDGE`) REFERENCES `base_dict` (`dict_id`) ON DELETE RESTRICT ON UPDATE RESTRICT,
  CONSTRAINT `FKj6wytoa8ylv89rhg7tq45e4l6` FOREIGN KEY (`OPERATION_STATUS`) REFERENCES `base_dict` (`dict_id`) ON DELETE RESTRICT ON UPDATE RESTRICT
) ENGINE = InnoDB AUTO_INCREMENT = 20 CHARACTER SET = utf8 COLLATE = utf8_general_ci ROW_FORMAT = Dynamic;

-- ----------------------------
-- Records of maintains
-- ----------------------------
INSERT INTO `maintains` VALUES (7, 3, 'rose', '00002', '121', '123456789', '2017-12-15 09:41:42', '11', '5', '9');
INSERT INTO `maintains` VALUES (8, 1, 'jock', '00001', '12312', '123456789', '2017-12-15 09:45:37', '11', '1', '9');
INSERT INTO `maintains` VALUES (9, 1, 'jock', '00001', '12312', '123456789', '2017-12-15 09:45:51', '11', '1', '9');
INSERT INTO `maintains` VALUES (10, 3, 'rose', '00002', '121', '123456789', '2017-12-15 09:46:08', '12', '5', '9');
INSERT INTO `maintains` VALUES (11, 1, 'jock', '00001', '12312', '123456789', '2017-12-16 15:35:51', '11', '1', '9');
INSERT INTO `maintains` VALUES (12, 3, 'rose', '00002', '121', '123456789', '2017-12-16 15:39:54', '12', '5', '9');
INSERT INTO `maintains` VALUES (13, 1, 'jock', '00001', '12312', '123456789', '2017-12-16 16:01:46', '11', '1', '9');
INSERT INTO `maintains` VALUES (14, 1, 'jock', '00001', '12312', '123456789', '2017-12-16 16:57:17', '11', '1', '9');
INSERT INTO `maintains` VALUES (15, 1, 'jock', '00001', '12312', '123456789', '2017-12-16 21:28:37', '11', '1', '9');
INSERT INTO `maintains` VALUES (16, 1, 'jock', '00001', '12312', '123456789', '2017-08-20 16:27:15', '11', '1', '9');
INSERT INTO `maintains` VALUES (17, 1, 'jock', '00001', '12312', '123456789', '2017-08-20 16:30:37', '11', '1', '9');
INSERT INTO `maintains` VALUES (18, 23, 'tom', '00045', 'gclm', '13137740549', '2017-08-27 10:56:40', '12', '2', '9');
INSERT INTO `maintains` VALUES (19, 1, 'jock', '00001', 'effgfg', '13137740549', '2017-08-27 15:39:13', '12', '1', '9');

-- ----------------------------
-- Table structure for users
-- ----------------------------
DROP TABLE IF EXISTS `users`;
CREATE TABLE `users`  (
  `USERS_ID` int(11) NOT NULL AUTO_INCREMENT,
  `CODE` varchar(255) CHARACTER SET utf8 COLLATE utf8_general_ci DEFAULT NULL,
  `PASSWORD` varchar(255) CHARACTER SET utf8 COLLATE utf8_general_ci DEFAULT NULL,
  `NAME` varchar(255) CHARACTER SET utf8 COLLATE utf8_general_ci DEFAULT NULL,
  `ADDRESS` varchar(255) CHARACTER SET utf8 COLLATE utf8_general_ci DEFAULT NULL,
  `PHONE` varchar(255) CHARACTER SET utf8 COLLATE utf8_general_ci DEFAULT NULL,
  `ROLE` varchar(255) CHARACTER SET utf8 COLLATE utf8_general_ci DEFAULT NULL,
  `DATE` datetime(0) DEFAULT NULL,
  `VEHICLES_NUMBER` int(11) DEFAULT NULL,
  `MAINTAINS_NUMBER` int(11) DEFAULT NULL,
  `JUDGE` varchar(255) CHARACTER SET utf8 COLLATE utf8_general_ci DEFAULT NULL,
  PRIMARY KEY (`USERS_ID`) USING BTREE,
  INDEX `FK5vc4mk0pckb2cbccq0fkw70gf`(`JUDGE`) USING BTREE,
  CONSTRAINT `FK5vc4mk0pckb2cbccq0fkw70gf` FOREIGN KEY (`JUDGE`) REFERENCES `base_dict` (`dict_id`) ON DELETE RESTRICT ON UPDATE RESTRICT
) ENGINE = InnoDB AUTO_INCREMENT = 27 CHARACTER SET = utf8 COLLATE = utf8_general_ci ROW_FORMAT = Dynamic;

-- ----------------------------
-- Records of users
-- ----------------------------
INSERT INTO `users` VALUES (1, '1234', '1234', 'jerry', 'hky', '13137740549', 'ordinary', '2017-08-16 21:19:23', 16, 15, '11');
INSERT INTO `users` VALUES (2, '12', 'c20ad4d76fe97759aa27a0c99bff6710', 'tom', 'hky', '123456789', 'admin', '2017-08-16 21:19:52', NULL, NULL, '12');
INSERT INTO `users` VALUES (3, '12341', '12341', '1212', 'hky', '13137740549', 'ordinary', '2017-08-16 21:20:35', NULL, 3, '12');
INSERT INTO `users` VALUES (4, '123', '123', '2121', '121221', '13137740549', 'both', '2017-08-17 08:49:15', 4, NULL, '12');
INSERT INTO `users` VALUES (5, '12345', '12345', '2221', '1212', '13137740549', 'admin', '2017-08-18 15:34:29', NULL, NULL, '12');
INSERT INTO `users` VALUES (6, '1212131', '1231', '121', '12111', '13137740549', 'ordinary', '2017-08-18 15:38:22', NULL, NULL, '12');
INSERT INTO `users` VALUES (7, '1212112', '1212', '12231', '121121', '13137740549', 'ordinary', '2017-08-18 16:00:57', NULL, NULL, '12');
INSERT INTO `users` VALUES (8, '2122121', '12121', '2121', '12121', '13137740549', 'ordinary', '2017-08-18 16:56:47', NULL, NULL, '12');
INSERT INTO `users` VALUES (9, '1321312', '3131', '3121', '1212', '13137740549', 'ordinary', '2017-08-18 16:58:37', NULL, NULL, '12');
INSERT INTO `users` VALUES (10, '12231', '12121', '121', '1211', '13137740549', 'ordinary', '2017-08-18 21:16:20', NULL, NULL, '12');
INSERT INTO `users` VALUES (11, '12321', '1231', '121321', '12', '13137740549', 'ordinary', '2017-08-18 21:28:07', NULL, NULL, '12');
INSERT INTO `users` VALUES (12, '1221', '122', '12121', '122', '13137740549', 'ordinary', '2017-08-18 21:52:13', NULL, NULL, '12');
INSERT INTO `users` VALUES (13, '12121212', '1221', '221', '11212', '13137740549', 'ordinary', '2017-08-19 21:40:03', NULL, NULL, '12');
INSERT INTO `users` VALUES (16, '12345678', '1211', 'jock', 'xxxy', '123456789', 'both', '2017-08-22 15:19:14', NULL, NULL, NULL);
INSERT INTO `users` VALUES (17, '12341', '12341', 'rose', 'hky', '123456789', 'ordinary', '2017-08-22 15:19:14', NULL, NULL, '12');
INSERT INTO `users` VALUES (18, '123456', '123456', 'jock', 'hsd', '123456789', NULL, '2017-08-22 15:19:14', NULL, NULL, NULL);
INSERT INTO `users` VALUES (19, '1212', 'c20ad4d76fe97759aa27a0c99bff6710', '121', '1234', '13137740549', 'administrator', '2017-08-26 09:54:10', NULL, NULL, '12');
INSERT INTO `users` VALUES (20, '121', '4c56ff4ce4aaf9573aa5dff913df997a', '121', '121', '13137740549', 'ordinary', '2017-08-26 15:56:10', NULL, NULL, '12');
INSERT INTO `users` VALUES (21, '121111', 'de872154ffbf91a5dcc0e539dd2d5106', '121', '1111', '13137740549', 'ordinary', '2017-08-26 15:56:39', NULL, NULL, '12');
INSERT INTO `users` VALUES (22, '121121', 'e022c20ad33354cbec77cc9709996dd1', '11221', '121', '13137740549', 'ordinary', '2017-08-26 16:53:45', NULL, NULL, '12');
INSERT INTO `users` VALUES (23, 'gclm', '8fb47991593d214883174843b232d4c4', 'tom', 'hky', '13137740549', 'ordinary', '2017-08-27 09:11:53', 1, 1, '12');
INSERT INTO `users` VALUES (24, '12132454', 'c20ad4d76fe97759aa27a0c99bff6710', 'jcok', '1212', '13137740549', 'ordinary', '2017-08-27 14:41:37', NULL, NULL, '12');
INSERT INTO `users` VALUES (25, '121212ad', 'de872154ffbf91a5dcc0e539dd2d5106', '121', '1212', '13137740549', 'ordinary', '2017-08-27 15:45:28', NULL, NULL, '12');
INSERT INTO `users` VALUES (26, '12121qw', 'a01610228fe998f515a72dd730294d87', '1212', '11', '13137740549', 'ordinary', '2017-08-27 15:45:47', NULL, NULL, '12');

-- ----------------------------
-- Table structure for vehicles
-- ----------------------------
DROP TABLE IF EXISTS `vehicles`;
CREATE TABLE `vehicles`  (
  `VEHICLE_ID` varchar(255) CHARACTER SET utf8 COLLATE utf8_general_ci NOT NULL,
  `PLATE_ID` varchar(255) CHARACTER SET utf8 COLLATE utf8_general_ci DEFAULT NULL,
  `MODEL` varchar(255) CHARACTER SET utf8 COLLATE utf8_general_ci DEFAULT NULL,
  `ENGINE_ID` varchar(255) CHARACTER SET utf8 COLLATE utf8_general_ci DEFAULT NULL,
  `CAR_CHASSIS_ID` varchar(255) CHARACTER SET utf8 COLLATE utf8_general_ci DEFAULT NULL,
  `MANU_FACTURE_DATE` datetime(0) DEFAULT NULL,
  `WEIGHT` double DEFAULT NULL,
  `USERS_ID` int(11) DEFAULT NULL,
  `USERS_NAME` varchar(255) CHARACTER SET utf8 COLLATE utf8_general_ci DEFAULT NULL,
  `CATEGORY` varchar(255) CHARACTER SET utf8 COLLATE utf8_general_ci DEFAULT NULL,
  `OPERATION_STATUS` varchar(255) CHARACTER SET utf8 COLLATE utf8_general_ci DEFAULT NULL,
  `JUDGE` varchar(255) CHARACTER SET utf8 COLLATE utf8_general_ci DEFAULT NULL,
  `DATE` datetime(0) DEFAULT NULL,
  `MAINTAIN_NUMBER` int(11) DEFAULT NULL,
  PRIMARY KEY (`VEHICLE_ID`) USING BTREE,
  INDEX `FK7evq7h0gx8tpm1mpg26ea5cc9`(`CATEGORY`) USING BTREE,
  INDEX `FKf3dxu3j6ewqotv7tmo659lbfw`(`OPERATION_STATUS`) USING BTREE,
  INDEX `FKtqmrfyld6xlqbef9t02xaokhu`(`JUDGE`) USING BTREE,
  CONSTRAINT `FK7evq7h0gx8tpm1mpg26ea5cc9` FOREIGN KEY (`CATEGORY`) REFERENCES `base_dict` (`dict_id`) ON DELETE RESTRICT ON UPDATE RESTRICT,
  CONSTRAINT `FKf3dxu3j6ewqotv7tmo659lbfw` FOREIGN KEY (`OPERATION_STATUS`) REFERENCES `base_dict` (`dict_id`) ON DELETE RESTRICT ON UPDATE RESTRICT,
  CONSTRAINT `FKtqmrfyld6xlqbef9t02xaokhu` FOREIGN KEY (`JUDGE`) REFERENCES `base_dict` (`dict_id`) ON DELETE RESTRICT ON UPDATE RESTRICT
) ENGINE = InnoDB CHARACTER SET = utf8 COLLATE = utf8_general_ci ROW_FORMAT = Dynamic;

-- ----------------------------
-- Records of vehicles
-- ----------------------------
INSERT INTO `vehicles` VALUES ('00001', 'effgfg', '1212', '1212', '1211', '2017-08-01 00:00:00', 2121, 1, 'jock', '1', '9', '11', NULL, 2);
INSERT INTO `vehicles` VALUES ('00002', '121', '1211', '121', '212', '2017-08-01 00:00:00', 121, 3, 'rose', '2', '9', '12', NULL, NULL);
INSERT INTO `vehicles` VALUES ('00003', '12321', '2322', '1', '21', '2017-08-03 00:00:00', 121122, 1, 'jock', '2', '10', '11', NULL, NULL);
INSERT INTO `vehicles` VALUES ('00004', '1212', '12121', '121', '32121', '2017-08-02 00:00:00', 2311, 1, 'jock', '1', '10', '11', NULL, NULL);
INSERT INTO `vehicles` VALUES ('00005', '1221', '112112', '11111', '121', '2017-08-01 00:00:00', 1121, 1, 'jock', '1', '10', '11', NULL, NULL);
INSERT INTO `vehicles` VALUES ('00006', '12121211', '12121', '1212', '12211', '2017-08-01 00:00:00', 212311, 1, 'jock', '2', '10', '11', NULL, NULL);
INSERT INTO `vehicles` VALUES ('00007', '12132', '1212', '121122', '1212', '2017-08-01 00:00:00', 12211, 1, 'jock', '1', '10', '11', NULL, NULL);
INSERT INTO `vehicles` VALUES ('00010', '12121211111', '121211', '1211', '121', '2017-08-01 00:00:00', 1211, 1, 'jock', '1', '10', '11', NULL, NULL);
INSERT INTO `vehicles` VALUES ('00011', '1231', '12121', '2121', NULL, '2017-08-01 00:00:00', 12112, 1, 'jock', '2', '9', '11', NULL, NULL);
INSERT INTO `vehicles` VALUES ('00012', '1111111', '121', '121', NULL, '2017-08-02 00:00:00', 2121, 1, 'jock', '1', '9', '11', NULL, NULL);
INSERT INTO `vehicles` VALUES ('00013', '1211111', '1212', '1211', NULL, '2017-08-01 00:00:00', 12112, 4, '2121', NULL, '9', '12', NULL, NULL);
INSERT INTO `vehicles` VALUES ('00014', '123121', '121', '212', NULL, '2017-08-01 00:00:00', 121, 4, '2121', NULL, '9', '12', NULL, NULL);
INSERT INTO `vehicles` VALUES ('00015', '1221121', '1212', '12212', NULL, '2017-08-01 00:00:00', 1211, 4, '2121', NULL, '9', '12', NULL, NULL);
INSERT INTO `vehicles` VALUES ('00016', '123122', '1231', '1312', '13211', '2017-08-01 00:00:00', 231, 4, '2121', NULL, '9', '12', NULL, NULL);
INSERT INTO `vehicles` VALUES ('00017', '12132121', '121212', '1212', '12211', '2017-08-01 00:00:00', 12112, 1, NULL, NULL, '12', '11', NULL, NULL);
INSERT INTO `vehicles` VALUES ('00018', '131212121', '1212', '121212', '1212', '2017-08-01 00:00:00', 12211, 1, 'jock', NULL, '9', '11', NULL, NULL);
INSERT INTO `vehicles` VALUES ('00019', '2323232', '12212', '1212', '123211', '2017-08-01 00:00:00', 1212, 1, 'jock', NULL, '9', '11', NULL, NULL);
INSERT INTO `vehicles` VALUES ('00020', '1313212', '1212', '12121', '12212', '2017-08-01 00:00:00', 1221, 1, 'jock', NULL, '9', '11', NULL, NULL);
INSERT INTO `vehicles` VALUES ('00021', '132121', '1312', '13212', '1212', '2017-08-16 00:00:00', 121, 1, 'jock', NULL, '9', '11', NULL, NULL);
INSERT INTO `vehicles` VALUES ('00022', '1212121111111', '1221211', '12111', '12211', '2017-08-01 00:00:00', 22121, 1, 'jock', NULL, '9', '11', NULL, NULL);
INSERT INTO `vehicles` VALUES ('00023', '12131212121211', '1212', '12121', '1211', '2017-08-15 00:00:00', 1221, 1, 'jock', NULL, '9', '11', NULL, NULL);
INSERT INTO `vehicles` VALUES ('00024', '121313131211', '1212', '122121', '1221', '2017-08-01 00:00:00', 1221, 1, 'jock', NULL, '9', '11', NULL, NULL);
INSERT INTO `vehicles` VALUES ('00025', '12321212121', '121212', '1221', '1221', '2017-08-01 00:00:00', 12221, 1, 'jock', NULL, '9', '11', NULL, NULL);
INSERT INTO `vehicles` VALUES ('00026', '1212121211445447', '1212121', '12121', '11221', '2017-08-02 00:00:00', 12121, 1, 'jock', NULL, '9', '11', NULL, NULL);
INSERT INTO `vehicles` VALUES ('00027', '12122212101', '1212212122', '1211', '1212', '2017-08-01 00:00:00', 121, 1, 'jock', '2', '10', '11', NULL, NULL);
INSERT INTO `vehicles` VALUES ('00028', '121121211', '121212', '1221', '1211', '2017-08-01 00:00:00', 1221, 1, 'jock', '2', '10', '11', NULL, NULL);
INSERT INTO `vehicles` VALUES ('00029', '1231212', '12121', '1221', '12122', '2017-08-01 00:00:00', 1221, 1, 'jock', '2', '10', '11', NULL, NULL);
INSERT INTO `vehicles` VALUES ('00030', '12212121', '121212', '1221', '1211', '2017-08-01 00:00:00', 1211, 1, 'jock', '2', '10', '11', NULL, NULL);
INSERT INTO `vehicles` VALUES ('00031', '121121212121211211', '12212', '12211', '1221', '2017-08-02 00:00:00', 12211, 1, 'jock', '3', '10', '11', NULL, NULL);
INSERT INTO `vehicles` VALUES ('00032', '1221112212121212112121', '1211221', '2211', '1211', '2017-08-01 00:00:00', 1221, 1, 'jock', '3', '10', '11', NULL, NULL);
INSERT INTO `vehicles` VALUES ('00033', '12121213132131', '1212', '1221', '122', '2017-08-01 00:00:00', 122, 1, 'jock', NULL, '9', '11', NULL, NULL);
INSERT INTO `vehicles` VALUES ('00038', '121212117445', 'adsasd', '1121', '111', '2017-08-02 00:00:00', 111, 1, 'jock', '1', '10', '11', NULL, NULL);
INSERT INTO `vehicles` VALUES ('00039', '121a', '12', '112', '12', '2017-08-11 00:00:00', 12, 1, 'jock', '1', '9', '11', NULL, NULL);
INSERT INTO `vehicles` VALUES ('00040', '1112AS', '121', '12', '121', '2017-08-18 00:00:00', 21, 1, 'jock', '3', '9', '11', '2017-12-18 16:10:48', NULL);
INSERT INTO `vehicles` VALUES ('00041', '121werwer', '111', '12', '2', '2017-08-02 00:00:00', 12, 1, 'jock', '2', '10', '11', NULL, NULL);
INSERT INTO `vehicles` VALUES ('00042', 'FF', '123456', '123456', '123456', '2017-08-22 15:19:14', 12133, NULL, NULL, NULL, NULL, NULL, NULL, NULL);
INSERT INTO `vehicles` VALUES ('00043', '154sdasd', '121', '121', '121', '2017-08-04 00:00:00', 121, 1, 'jock', '5', '9', '12', '2017-12-24 17:35:03', NULL);
INSERT INTO `vehicles` VALUES ('00044', '121asd', '121', '1212', '1221', '2017-08-16 09:14:53', 1221, 1, 'jock', '2', '9', '12', '2017-12-25 09:14:55', NULL);
INSERT INTO `vehicles` VALUES ('00045', 'gclm', '14545', '1212', '1221', '2017-08-23 10:47:13', 122, 23, 'tom', '2', '9', '12', '2017-12-25 10:47:15', 1);
INSERT INTO `vehicles` VALUES ('00046', 'aadsfd', NULL, '1211', '1212', '2017-08-08 14:39:20', 1121, 1, 'jerry', '2', '9', '12', '2017-12-25 14:39:22', NULL);

SET FOREIGN_KEY_CHECKS = 1;
